GUESS KIDS PRE SPRING 6 R ,Unnamed: 1,Unnamed: 2,Unnamed: 3,Unnamed: 4,Unnamed: 5,Unnamed: 6,Unnamed: 7,Unnamed: 8,Unnamed: 9,Unnamed: 10,Unnamed: 11,FABRIC ,Unnamed: 13,Unnamed: 14,Unnamed: 15,Unnamed: 16,Unnamed: 17,SIZE SET,Unnamed: 19,Unnamed: 20,Unnamed: 21,Unnamed: 22,CUTTING,Unnamed: 24,Unnamed: 25,Unnamed: 26,Unnamed: 27,VAP,Unnamed: 29,Unnamed: 30,Unnamed: 31,Unnamed: 32,Unnamed: 33,Unnamed: 34,VAP-2,Unnamed: 36,Unnamed: 37,Unnamed: 38,Unnamed: 39,VAP-3,Unnamed: 41,Unnamed: 42,Unnamed: 43,Unnamed: 44,FEEDING,Unnamed: 46,Unnamed: 47,Unnamed: 48,Unnamed: 49,Unnamed: 50,Unnamed: 51
SN,IO,,IMAGE,STYLE,FABRIC,COLOR,Qty,PRO.QTY,PO Received,AGE,Program handover date,REQUIRED WEIGHT,RECEIVED WEIGHT,LOT CUTTING,PLANED DATE,ATUAL DATE,STATUS,PROCESS,PP MEETING,SIZE SET PLAN,ACTUAL,STATUS,CUTTING,QTY,ACTUAL,PLAN,STATUS,SUPPLIERR ,,VAP SEND,PLAN,REC,QTY,STATUS,SUPPLIERR ,VAP SEND,REC,QTY,STATUS,SUPPLIERR ,VAP SEND,REC,QTY,STATUS,PLAN QTY,FEEDING QTY,DEVITION,EXCESS,STATUS,,
1,162,UNIT 2,,J6RI06,"K6YW4
50%ORGANIC COTTON 
45% REGULAR COTTON 
5% ELASTANE L/JERSY
160 GSM ",G011 WHITE,2202,2334,2025-05-24 00:00:00,-129,2025-05-26 00:00:00,243,243,PRJECTION,STOCK,2025-05-30 00:00:00,COM,SHK,2025-06-02 00:00:00,2025-06-02 00:00:00,2025-06-02 00:00:00,COM,2025-06-03 00:00:00,2331,2025-06-03 00:00:00,2025-06-03 00:00:00,COM,ESSTEE,8,2025-06-09 00:00:00,2025-06-18 00:00:00,2025-06-17 00:00:00,2331,COM,,,,,COM,,,,,COM,2334,2317,-17,115,COM,ACCEPTED,
,,,,,,"A61T BLOOMING AZALEA
15-2213 TCX
",3253,3438,2025-05-24 00:00:00,-129,2025-05-26 00:00:00,357,357,2025-06-06 00:00:00,2025-06-10 00:00:00,2025-06-09 00:00:00,COM,SHK,2025-06-02 00:00:00,2025-06-11 00:00:00,2025-06-13 00:00:00,COM,2025-06-12 00:00:00,3435,2025-06-12 00:00:00,2025-06-12 00:00:00,COM,FAMOUS,16,2025-06-17 00:00:00,2025-06-26 00:00:00,2025-07-02 00:00:00,3435,COM,VPR,2025-07-02 00:00:00,2025-07-12 00:00:00,3432,COM,,,,,COM,3438,,-3438,,,,
,,,,,,JBLK,900,969,2025-05-24 00:00:00,-129,2025-05-26 00:00:00,100,117,PRJECTION,STOCK,2025-05-30 00:00:00,COM,SHK,2025-06-02 00:00:00,2025-06-05 00:00:00,2025-06-06 00:00:00,COM,2025-06-09 00:00:00,964,2025-06-10 00:00:00,2025-06-11 00:00:00,COM,FRESH,8,2025-06-11 00:00:00,2025-06-18 00:00:00,2025-06-18 00:00:00,965,COM,ESST.EMB,2025-06-19 00:00:00,2025-06-26 00:00:00,961,COM,VPR,2025-06-26 00:00:00,2025-07-02 00:00:00,961,COM,969,,-969,,,,
,,,,,,G53219-1557 TCX CHILIRED,1200,1281,2025-05-24 00:00:00,-129,2025-05-26 00:00:00,133,133,2025-06-06 00:00:00,2025-06-10 00:00:00,2025-06-09 00:00:00,COM,SHK,2025-06-02 00:00:00,2025-06-11 00:00:00,2025-06-13 00:00:00,COM,2025-06-13 00:00:00,1282,2025-06-14 00:00:00,2025-06-13 00:00:00,COM,VPR,34,2025-06-17 00:00:00,2025-07-02 00:00:00,2025-07-18 00:00:00,1282,COM,,,,,,,,,,COM,1281,,-1281,,,,
,246,UNIT 2,,,,G011 WHITE,307,334,2025-06-06 00:00:00,-116,2025-06-12 00:00:00,35,35,PROJECTION -239,2025-06-18 00:00:00,2025-06-14 00:00:00,COM,SHK,2025-06-02 00:00:00,2025-06-20 00:00:00,2025-06-18 00:00:00,COM,2025-06-24 00:00:00,359,2025-06-25 00:00:00,2025-06-25 00:00:00,COM,FRESH,24,2025-06-27 00:00:00,2025-07-18 00:00:00,2025-07-18 00:00:00,359,COM,,,,,,,,,,COM,334,,-334,,,,
,,,,,,"A61T BLOOMING AZALEA
15-2213 TCX
",390,421,2025-06-06 00:00:00,-116,2025-06-12 00:00:00,44,44,2025-06-28 00:00:00,2025-07-03 00:00:00,2025-07-01 00:00:00,COM,SHK,2025-06-02 00:00:00,2025-07-02 00:00:00,2025-07-05 00:00:00,COM,2025-07-25 00:00:00,450,2025-07-24 00:00:00,2025-07-23 00:00:00,COM,FAMOUS,-68,2025-07-24 00:00:00,,,,,,,,,,,,,,,421,,-421,,,,
,,,,,,JBLK,345,374,2025-06-06 00:00:00,-116,2025-06-12 00:00:00,39,39,PROJECTION  -1010,2025-06-18 00:00:00,2025-06-14 00:00:00,COM,SHK,2025-06-02 00:00:00,2025-06-20 00:00:00,2025-06-18 00:00:00,COM,2025-06-23 00:00:00,374,2025-06-23 00:00:00,2025-06-25 00:00:00,COM,FRESH,10,2025-06-28 00:00:00,2025-07-07 00:00:00,2025-07-06 00:00:00,374,COM,ESST.EMB,2025-07-07 00:00:00,2025-07-22 00:00:00,388,COM,VPR,2025-07-22 00:00:00,2025-07-25 00:00:00,388,COM,374,,-374,,,,
,,,,,,G53219-1557 TCX CHILIRED,735,784,2025-06-06 00:00:00,-116,2025-06-12 00:00:00,81,81,,2025-07-03 00:00:00,2025-07-04 00:00:00,COM,SHK,2025-06-02 00:00:00,2025-07-07 00:00:00,2025-07-08 00:00:00,COM,2025-07-09 00:00:00,795,2025-07-09 00:00:00,2025-07-10 00:00:00,COM,VPR,5,2025-07-16 00:00:00,2025-07-19 00:00:00,2025-07-20 00:00:00,795,COM,,,,,,,,,,,784,,-784,,,,
2,163,UNIT-1,,J6RI10,"K6YW4
50%ORGANIC COTTON 
45% REGULAR COTTON 
5% ELASTANE L/JERSY
160 GSM ",G011 WHITE,7000,7375,2025-05-24 00:00:00,-129,2025-05-26 00:00:00,972,972,2025-06-03 00:00:00,STOCK,2025-06-04 00:00:00,COM,SHK,2025-05-31 00:00:00,2025-06-04 00:00:00,2025-06-05 00:00:00,COM,2025-06-06 00:00:00,7355,2025-06-06 00:00:00,2025-06-06 00:00:00,COM,ESSTEE,40,2025-06-11 00:00:00,2025-07-07 00:00:00,2025-07-19 00:00:00,7375,COM,,,,,,,,,,,7375,,-7375,,,,
,,,,,,JBLK,2100,2230,2025-05-24 00:00:00,-129,2025-05-26 00:00:00,293,294,PRJECTION,STOCK,2025-06-12 00:00:00,COM,SHK,2025-05-31 00:00:00,SHK,2025-06-09 00:00:00,COM,2025-06-16 00:00:00,2220,2025-06-17 00:00:00,2025-06-17 00:00:00,COM,ESSTEE,33,2025-06-21 00:00:00,,,,,,,,,,,,,,,2230,,-2230,,,,
,,,,,,"G7HR
19-4111 TCX SECRERT BLUE",2900,3068,2025-05-24 00:00:00,-129,2025-05-26 00:00:00,404,404,2025-06-06 00:00:00,2025-06-10 00:00:00,2025-06-12 00:00:00,COM,SHK,2025-05-31 00:00:00,2025-06-14 00:00:00,2025-06-16 00:00:00,COM,2025-06-17 00:00:00,3051,2025-06-17 00:00:00,2025-06-17 00:00:00,COM,ESSTEE,31,2025-06-20 00:00:00,2025-07-19 00:00:00,2025-07-19 00:00:00,3051,COM,,,,,,,,,,,3068,,-3068,,,,
,,,,,,"G62O
BLUSHED BRIDE
12-1310 TCX",1100,1180,2025-05-24 00:00:00,-129,2025-05-26 00:00:00,155,151,2025-06-05 00:00:00,2025-06-10 00:00:00,2025-06-09 00:00:00,COM,SHK,2025-05-31 00:00:00,2025-06-11 00:00:00,2025-06-13 00:00:00,COM,2025-06-14 00:00:00,1186,2025-06-14 00:00:00,2025-06-14 00:00:00,COM,ESSTEE,13,2025-07-08 00:00:00,2025-07-16 00:00:00,2025-07-17 00:00:00,1110,COM,,,,,,,,,,,1180,,-1180,,,,
,248,,,,,"A732
15-4031 TCX LIGHT BLUE SKY",1700,1813,2025-05-24 00:00:00,-129,2025-05-26 00:00:00,238,238,LOG,2025-06-10 00:00:00,2025-06-12 00:00:00,COM,SHK,2025-05-31 00:00:00,2025-06-17 00:00:00,2025-06-17 00:00:00,COM,2025-06-18 00:00:00,1600,2025-06-17 00:00:00,2025-06-18 00:00:00,COM,ESSTEE,13,2025-06-21 00:00:00,2025-07-05 00:00:00,2025-07-04 00:00:00,1650,COM,,,,,,,,,,,1813,1539,-274,,WAITNG SHORTA,,
,,,,,,G011 WHITE,311,338,2025-06-06 00:00:00,-116,2025-06-12 00:00:00,45,45,PROJECTION -493,2025-06-18 00:00:00,2025-06-14 00:00:00,COM,SHK,2025-05-31 00:00:00,2025-06-18 00:00:00,2025-06-20 00:00:00,COM,2025-06-20 00:00:00,340,2025-06-21 00:00:00,2025-06-21 00:00:00,COM,ESSTEE,14,2025-07-07 00:00:00,2025-07-17 00:00:00,2025-07-18 00:00:00,340,COM,,,,,,,,,,,338,,-338,,,,
,,,,,,"G62O 12-1310 TCX
BLUSHED BRIDE",187,208,2025-06-06 00:00:00,-116,2025-06-12 00:00:00,27,27,,2025-07-03 00:00:00,2025-07-08 00:00:00,COM,SHK,2025-05-31 00:00:00,2025-07-17 00:00:00,2025-07-05 00:00:00,COM,7/269,176,2025-07-26 00:00:00,2025-07-23 00:00:00,COM,ESSTEE,-63,2025-07-29 00:00:00,2025-08-09 00:00:00,,,,,,,,,,,,,,208,,-208,,,,
,,,,,,"A732
15-4031 TCX LIGHT BLUE SKY",360,390,2025-06-06 00:00:00,-116,2025-06-12 00:00:00,51,51,,2025-07-03 00:00:00,2025-07-08 00:00:00,COM,SHK,2025-05-31 00:00:00,2025-07-14 00:00:00,2025-07-14 00:00:00,COM,2025-07-17 00:00:00,387,2025-07-18 00:00:00,2025-07-20 00:00:00,COM,ESSTEE,4,2025-07-24 00:00:00,2025-08-04 00:00:00,2025-07-26 00:00:00,387,COM,,,,,,,,,,,390,,-390,,,,
3,164,UNIT- 1,,J6RI27,"KB020
100% COTTON
365 GSM ",SWNS,800,869,2025-05-24 00:00:00,-129,2025-05-27 00:00:00,167,167,2025-07-14 00:00:00,2025-06-25 00:00:00,2025-07-15 00:00:00,COM,SS JUMING  SIZE,2025-07-19 00:00:00,2025-07-19 00:00:00,2025-07-20 00:00:00,COM,2025-07-26 00:00:00,857,2025-07-28 00:00:00,2025-07-25 00:00:00,COM,,0,,,,,,,,,,,,,,,,869,,-869,,,,
,,,,,,ST56,750,802,2025-05-24 00:00:00,-129,2025-05-27 00:00:00,167,167,2025-07-14 00:00:00,2025-06-25 00:00:00,2025-07-15 00:00:00,COM,SHK,2025-07-19 00:00:00,2025-07-19 00:00:00,2025-07-20 00:00:00,COM,2025-07-26 00:00:00,802,2025-07-28 00:00:00,7,COM,,0,,,,,,,,,,,,,,,,802,,-802,,,,
,253,,,,,ST56,241,267,2025-06-06 00:00:00,-116,2025-06-14 00:00:00,51,51,2025-07-14 00:00:00,2025-07-12 00:00:00,2025-07-24 00:00:00,COM,SHK,2025-07-19 00:00:00,2025-07-27 00:00:00,2025-07-27 00:00:00,COM,2025-08-05 00:00:00,280,2025-08-08 00:00:00,2025-07-30 00:00:00,COM,,0,,,,,,,,,,,,,,,,267,,-267,,,,
4,165,UNIT -1,,J6RI29,"KB2P4
50%ORGANIC COTTON 
46% REGULAR COTTON 
4% ELASTANE 2X2 LYCRA DURBY RIB
230 GSM ",G011 WHITE,1560,1673,2025-05-24 00:00:00,-129,2025-05-27 00:00:00,303,303,2025-06-05 00:00:00,2025-06-14 00:00:00,2025-06-09 00:00:00,COM,SS JUMING  SIZE,2025-06-10 00:00:00,2025-06-16 00:00:00,2025-06-16 00:00:00,COM,2025-06-17 00:00:00,1643,2025-06-17 00:00:00,2025-06-25 00:00:00,COM,,0,,,,,,,,,,,,,,,,1673,1631,-42,71,COM,ACCEPTED,
,,,,,,A61T,664,745,2025-05-24 00:00:00,-129,2025-05-27 00:00:00,134,138,2025-06-04 00:00:00,2025-06-19 00:00:00,2025-06-09 00:00:00,COM,SHK,2025-06-10 00:00:00,2025-06-16 00:00:00,2025-06-16 00:00:00,COM,2025-06-17 00:00:00,709,2025-06-17 00:00:00,2025-06-25 00:00:00,COM,,0,,,,,,,,,,,,,,,,745,709,-36,45,COM,ACCEPTED,
,,,,,,JBLK,1248,1348,2025-05-24 00:00:00,-129,2025-05-27 00:00:00,244,244,2025-06-06 00:00:00,2025-06-14 00:00:00,2025-06-11 00:00:00,COM,SHK,2025-06-10 00:00:00,2025-06-16 00:00:00,2025-06-18 00:00:00,COM,2025-06-18 00:00:00,1316,2025-06-18 00:00:00,2025-06-25 00:00:00,COM,,0,,,,,,,,,,,,,,,,1348,1316,-32,68,COM,ACCEPTED,
,,,,,,G7HR 19-4111 TCX SECRET BLUE,800,876,2025-05-24 00:00:00,-129,2025-05-27 00:00:00,158,158,2025-06-07 00:00:00,2025-06-19 00:00:00,2025-06-11 00:00:00,COM,SHK,2025-06-10 00:00:00,2025-06-16 00:00:00,2025-06-18 00:00:00,COM,2025-06-18 00:00:00,850,2025-06-18 00:00:00,2025-06-25 00:00:00,COM,,0,,,,,,,,,,,,,,,,876,853,-23,53,COM,ACCEPTED,A
,259,,,,,JBLK,175,195,2025-06-06 00:00:00,-116,2025-03-16 00:00:00,35,40,PROJECTION,2025-06-25 00:00:00,2025-06-25 00:00:00,COM,SHK,2025-06-10 00:00:00,2025-06-24 00:00:00,2025-06-25 00:00:00,COM,2025-06-21 00:00:00,200,2025-06-21 00:00:00,2025-06-25 00:00:00,COM,,0,,,,,,,,,,,,,,,,195,200,5,25,COM,ACCEPTED,
5,168,UNIT-1,,K6RI07,"K6YW4
50%ORGANIC COTTON 
45% REGULAR COTTON 
5% ELASTANE L/JERSY
160 GSM ",F69M,1746,1919,2025-05-24 00:00:00,-129,2025-05-26 00:00:00,202,202,RFD,2025-06-10 00:00:00,2025-06-11 00:00:00,COM,SS JUMING  SIZE,2025-06-12 00:00:00,2025-06-19 00:00:00,2025-06-21 00:00:00,COM,2025-06-24 00:00:00,1930,2025-06-25 00:00:00,2025-06-24 00:00:00,COM,,0,,,,,,,,,,,,,,,,1930,1930,0,184,COM,,
6,169,UNIT -1,,K6RI09,"K6YW4
50%ORGANIC COTTON 
45% REGULAR COTTON 
5% ELASTANE L/JERSY
160 GSM ",G011,2100,2238,2025-05-24 00:00:00,-129,2025-05-26 00:00:00,161,162,PRJECTION,STOCK,2025-06-03 00:00:00,COM,SHK,2025-05-31 00:00:00,2025-06-02 00:00:00,2025-06-05 00:00:00,COM,2025-06-03 00:00:00,2232,2025-06-03 00:00:00,2025-06-03 00:00:00,COM,NAVEEN,10,2025-06-06 00:00:00,2025-06-14 00:00:00,2025-06-16 00:00:00,2232,COM,,,,,COM,,,,,COM,2238,2192,-46,92,COM,ACCEPTED,
,,,,,,"G532 CHILI RED
19-1557 TCX",1138,1228,2025-05-24 00:00:00,-129,2025-05-26 00:00:00,88,88,2025-06-06 00:00:00,2025-06-10 00:00:00,2025-06-09 00:00:00,COM,SHK,2025-05-31 00:00:00,2025-06-11 00:00:00,2025-06-11 00:00:00,COM,2025-06-13 00:00:00,1250,2025-06-13 00:00:00,2025-06-13 00:00:00,COM,NAVEEN,7,2025-06-17 00:00:00,2025-06-27 00:00:00,2025-06-24 00:00:00,1250,COM,,,,,COM,,,,,COM,1228,1189,-39,51,COM,,
,275,,,,,G011,518,567,2025-06-06 00:00:00,-116,2025-06-14 00:00:00,41,42,PROJECTION 446,2025-06-18 00:00:00,2025-06-14 00:00:00,COM,SHK,2025-05-31 00:00:00,2025-06-20 00:00:00,2025-06-21 00:00:00,COM,2025-06-23 00:00:00,587,2025-06-23 00:00:00,2025-06-25 00:00:00,COM,NAVEEN,37,2025-06-30 00:00:00,2025-07-10 00:00:00,2025-07-24 00:00:00,592,COM,,,,,COM,,,,,COM,567,,-567,,,,
,,,,,,"G532 CHILI RED
19-1557 TCX",655,711,2025-06-06 00:00:00,-116,2025-06-14 00:00:00,51,51,,2025-07-05 00:00:00,2025-07-04 00:00:00,COM,SHK,2025-05-31 00:00:00,2025-07-07 00:00:00,2025-07-08 00:00:00,COM,2025-07-09 00:00:00,740,2025-07-09 00:00:00,2025-07-10 00:00:00,COM,NAVEEN,21,2025-07-16 00:00:00,2025-07-26 00:00:00,2025-07-24 00:00:00,740,COM,,,,,COM,,,,,COM,711,,-711,,,,
7,171,UNIT-2,,K6RI10,"K6YW4
50%ORGANIC COTTON 
45% REGULAR COTTON 
5% ELASTANE L/JERSY
160 GSM ",G011,4650,4916,2025-05-24 00:00:00,-129,2025-05-27 00:00:00,592,592,PRJECTION,2025-06-16 00:00:00,2025-06-11 00:00:00,COM,SHK,2025-06-09 00:00:00,2025-06-14 00:00:00,2025-06-14 00:00:00,COM,2025-06-16 00:00:00,4857,2025-06-16 00:00:00,2025-06-16 00:00:00,COM,ESSTEE,-83,2025-07-09 00:00:00,,,,,,,,,COM,,,,,,4916,,-4916,,,,
,,,,,,G7HR 19-4111 TCX SECRET BLUE,650,837,2025-05-24 00:00:00,-129,2025-05-27 00:00:00,100,100,2025-06-07 00:00:00,2025-06-16 00:00:00,2025-06-10 00:00:00,COM,SHK,2025-06-09 00:00:00,2025-06-16 00:00:00,2025-06-16 00:00:00,COM,2025-06-14 00:00:00,771,2025-06-17 00:00:00,2025-06-16 00:00:00,COM,ESSTEE,-83,2025-07-09 00:00:00,,,,,,,,,COM,,,,,,837,,-837,,,,
,,,,,,"A61T BLOOMING AZALEA
15-2213 TCX",2000,2158,2025-05-24 00:00:00,-129,2025-05-27 00:00:00,260,260,2025-06-06 00:00:00,2025-06-16 00:00:00,2025-06-09 00:00:00,COM,SHK,2025-06-09 00:00:00,2025-06-13 00:00:00,2025-06-11 00:00:00,COM,2025-06-14 00:00:00,2129,2025-06-13 00:00:00,2025-06-14 00:00:00,COM,ESSTEE,-83,2025-07-09 00:00:00,,,,,,,,,COM,,,,,,2158,,-2158,,,,
,276,,,,,G011,1109,1185,2025-06-06 00:00:00,-116,2025-06-17 00:00:00,105,105,PROJECTION,2025-06-20 00:00:00,2025-06-18 00:00:00,COM,SHK,2025-06-09 00:00:00,2025-06-20 00:00:00,2025-06-21 00:00:00,COM,2025-06-23 00:00:00,1211,2025-06-24 00:00:00,2025-06-25 00:00:00,COM,ESSTEE,-83,2025-07-09 00:00:00,,,,,,,,,COM,,,,,,1185,,-1185,,,,
,,,,,,G7HR 19-4111 TCX SECRET BLUE,494,542,2025-06-06 00:00:00,-116,2025-06-17 00:00:00,47,47,PROJECTION,2025-06-20 00:00:00,2025-06-21 00:00:00,COM,SHK,2025-06-09 00:00:00,2025-06-20 00:00:00,2025-06-21 00:00:00,COM,2025-06-28 00:00:00,566,2025-07-04 00:00:00,2025-07-02 00:00:00,COM,ESSTEE,-83,2025-07-09 00:00:00,,,,,,,,,COM,,,,,,542,,-542,,,,
,,,,,,"A61T BLOOMING AZALEA
15-2213 TCX",483,528,2025-06-06 00:00:00,-116,2025-06-17 00:00:00,47,47,PROJECTION,2025-06-20 00:00:00,2025-06-21 00:00:00,COM,SHK,2025-06-09 00:00:00,2025-06-20 00:00:00,2025-06-21 00:00:00,COM,2025-06-23 00:00:00,568,2025-06-24 00:00:00,2025-06-25 00:00:00,COM,ESSTEE,-83,2025-07-09 00:00:00,,,,,,,,,COM,,,,,,528,,-528,,,,
8,174,UNIT -1,,K5RI18,"KAJX0
97%REG COTTON 
2% METTALIC YARN 1% OTHER FIBER
160 GSM ",SWNS,1010,1128,2025-05-24 00:00:00,-129,2025-05-27 00:00:00,141,141,2025-07-14 00:00:00,2025-06-25 00:00:00,2025-07-17 00:00:00,COM,SS JUMING  SIZE,2025-07-19 00:00:00,2025-07-19 00:00:00,2025-07-20 00:00:00,COM,2025-07-28 00:00:00,1147,2025-07-28 00:00:00,2025-07-25 00:00:00,COM,,0,,,,,,,,,,,,,,,,1128,,-1128,,,,
,,,,,,S1ZY,250,320,2025-05-24 00:00:00,-129,2025-05-27 00:00:00,40,40,2025-07-14 00:00:00,2025-06-25 00:00:00,2025-07-15 00:00:00,COM,SHK,2025-07-19 00:00:00,2025-07-19 00:00:00,2025-07-20 00:00:00,COM,2025-07-25 00:00:00,343,2025-07-26 00:00:00,2025-07-28 00:00:00,COM,,0,,,,,,,,,,,,,,,,320,,-320,,,,
,277,,,,,,167,198,2025-06-06 00:00:00,-116,2025-06-17 00:00:00,25,25,2025-07-14 00:00:00,2025-07-12 00:00:00,2025-07-24 00:00:00,COM,SHK,2025-07-19 00:00:00,2025-07-27 00:00:00,2025-07-29 00:00:00,COM,2025-07-26 00:00:00,222,2025-08-05 00:00:00,2025-08-05 00:00:00,COM,,0,,,,,,,,,,,,,,,,198,,-198,,,,
9,181,UNIT -1,,L6RI08,"K8HM4
50%ORG COTTON 50% REG COTTON S/JERSEY 160 GSM","A70K
TANZANITE
19-3954 TCX",405,534,2025-05-24 00:00:00,-129,2025-05-29 00:00:00,80/6/1,80/6/1,2025-06-10 00:00:00,2025-06-21 00:00:00,2025-06-14 00:00:00,COM,SHK,2025-06-18 00:00:00,2025-06-18 00:00:00,2025-06-19 00:00:00,COM,2025-06-19 00:00:00,534,2025-06-20 00:00:00,2025-06-20 00:00:00,COM,FRESH,11,2025-06-24 00:00:00,2025-06-30 00:00:00,2025-07-05 00:00:00,534,COM,,,,,,,,,,,534,520,-14,129,COM,,
10,177,UNIT -2,,L6RI02,"K8HM4
50%ORG COTTON 50% REG COTTON S/JERSEY 160 GSM","A70K
TANZANITE
19-3954 TCX",515,594,2025-05-24 00:00:00,-129,2025-05-28 00:00:00,80/7/6,80/7/6,2025-06-13 00:00:00,2025-06-14 00:00:00,2025-06-14 00:00:00,COM,SHK,2025-06-09 00:00:00,2025-06-16 00:00:00,2025-06-16 00:00:00,COM,2025-06-19 00:00:00,597,2025-06-20 00:00:00,2025-06-20 00:00:00,COM,NAVEEN,6,2025-06-21 00:00:00,2025-06-28 00:00:00,2025-06-26 00:00:00,597,COM,,,,,,,,,,,594,586,-8,71,COM,ACCEPTED,
,,,,,,G011,400,474,2025-05-24 00:00:00,-129,2025-05-28 00:00:00,70/7,70/7,2025-06-06 00:00:00,2025-06-14 00:00:00,2025-06-12 00:00:00,COM,SHK,2025-06-09 00:00:00,2025-06-16 00:00:00,2025-06-16 00:00:00,COM,2025-06-19 00:00:00,478,2025-06-20 00:00:00,2025-06-20 00:00:00,COM,NAVEEN,6,2025-06-21 00:00:00,2025-06-28 00:00:00,2025-06-26 00:00:00,478,COM,,,,,,,,,,,474,472,-2,72,COM,ACCEPTED,
,,,,,,JBLK,1000,1096,2025-05-24 00:00:00,-129,2025-05-28 00:00:00,146/11,145/13,2025-06-04 00:00:00,2025-06-14 00:00:00,2025-06-09 00:00:00,COM,SHK,2025-06-09 00:00:00,2025-06-11 00:00:00,2025-06-13 00:00:00,COM,2025-06-13 00:00:00,1081,2025-06-13 00:00:00,2025-06-13 00:00:00,COM,NAVEEN,10,2025-06-17 00:00:00,2025-06-28 00:00:00,2025-06-27 00:00:00,1081,COM,,,,,,,,,,,1081,1059,-22,59,COM,,
,,,,,,"G5D7
SPICY RED
18-1657 TCX",1431,1539,2025-05-24 00:00:00,-129,2025-05-28 00:00:00,203/15/5,2220/20/8,2025-06-07 00:00:00,2025-06-14 00:00:00,2025-06-11 00:00:00,COM,SHK,2025-06-09 00:00:00,2025-06-14 00:00:00,2025-06-17 00:00:00,COM,2025-06-14 00:00:00,1565,2025-06-17 00:00:00,2025-06-14 00:00:00,COM,NAVEEN,7,2025-06-20 00:00:00,2025-06-28 00:00:00,2025-07-01 00:00:00,1565,COM,,,,,,,,,,,1582,1563,-19,132,COM,,
,283,,,,,"A70K
TANZANITE
19-3954 TCX",188,212,2025-06-06 00:00:00,-116,2025-06-12 00:00:00,28/1,28/2,2025-06-19 00:00:00,2025-07-03 00:00:00,2025-06-23 00:00:00,COM,SHK,2025-06-09 00:00:00,2025-06-26 00:00:00,2025-06-25 00:00:00,COM,2025-06-27 00:00:00,231,2025-06-28 00:00:00,2025-06-28 00:00:00,COM,NAVEEN,13,2025-07-04 00:00:00,2025-07-15 00:00:00,2025-07-12 00:00:00,231,COM,,,,,,,,,,,212,,-212,,,,
,,,,,,G011,196,220,2025-06-06 00:00:00,-116,2025-06-12 00:00:00,29/2,28/2,2025-06-21 00:00:00,2025-07-03 00:00:00,2025-06-24 00:00:00,COM,SHK,2025-06-09 00:00:00,2025-06-25 00:00:00,2025-06-25 00:00:00,COM,2025-07-07 00:00:00,245,2025-07-08 00:00:00,2025-07-08 00:00:00,cOM,NAVEEN,21,2025-07-16 00:00:00,2025-07-26 00:00:00,2025-07-31 00:00:00,245,COM,,,,,,,,,,,220,,-220,,,,
,,,,,,"G5D7
SPICY RED
18-1657 TCX",238,264,2025-06-06 00:00:00,-116,2025-06-12 00:00:00,35/2,35/2,2025-06-27 00:00:00,2025-07-03 00:00:00,2025-07-08 00:00:00,COM,SHK,2025-06-09 00:00:00,2025-07-15 00:00:00,2025-07-15 00:00:00,COM,2025-07-17 00:00:00,267,2025-07-17 00:00:00,2025-07-18 00:00:00,COM,NAVEEN,15,2025-07-22 00:00:00,2025-08-02 00:00:00,2025-07-31 00:00:00,267,COM,,,,,,,,,,,264,,-264,,,,
11,179,UNIT-2,,L6RI07,"K8HM4
50%ORG COTTON 50% REG COTTON S/JERSEY 160 GSM",JBLK,400,532,2025-05-24 00:00:00,-129,STOCK,106/6,362/22,RFD,STOCK,2025-06-03 00:00:00,COM,SS JUMING  SIZE,2025-06-23 00:00:00,2025-06-26 00:00:00,2025-06-28 00:00:00,COM,2025-06-27 00:00:00,479,2025-06-27 00:00:00,2025-06-24 00:00:00,COM,NAVEEN,-77,2025-07-15 00:00:00,477,-2,,,,,,,,,,,,,479,479,0,79,COM,,
,,,,,,G7V2,370,500,2025-05-24 00:00:00,-129,STOCK,99/6,,RFD,STOCK,2025-06-03 00:00:00,COM,SHK,2025-06-23 00:00:00,2025-06-26 00:00:00,2025-06-28 00:00:00,COM,2025-06-27 00:00:00,455,2025-06-27 00:00:00,2025-06-25 00:00:00,COM,NAVEEN,-77,2025-07-15 00:00:00,452,-3,,,,,,,,,,,,,455,455,0,85,COM,,
,,,,,,"G1K6
MACCHIATO
17-1038 TCX",670,768,2025-05-24 00:00:00,-129,STOCK,153/9,,RFD,STOCK,2025-06-03 00:00:00,COM,SHK,2025-06-23 00:00:00,2025-06-26 00:00:00,2025-06-28 00:00:00,COM,2025-06-27 00:00:00,737,2025-06-27 00:00:00,2025-06-25 00:00:00,COM,NAVEEN,-78,2025-07-14 00:00:00,728,-9,,,,,,,,,,,,,737,737,0,67,COM,,
,284,,,,,JBLK,160,,2025-06-06 00:00:00,-116,STOCK,39/2,39/2,RFD,STOCK,2025-06-14 00:00:00,COM,SHK,2025-06-23 00:00:00,2025-06-26 00:00:00,2025-06-28 00:00:00,COM,2025-06-27 00:00:00,195,2025-06-27 00:00:00,2025-06-25 00:00:00,COM,NAVEEN,-77,2025-07-15 00:00:00,196,1,,,,,,,,,,,,,195,195,0,35,COM,,
12,187,UNIT-2,,N6RI02,"K8HM4
50%ORG COTTON 50% REG COTTO SINGLE JERSEY 160 GSM GSM",G011,1300,1453,2025-05-24 00:00:00,-129,2025-05-27 00:00:00,121/13,121/13,2025-06-06 00:00:00,STOCK,2025-06-12 00:00:00,COM,SHK,2025-06-09 00:00:00,2025-06-11 00:00:00,2025-06-17 00:00:00,COM,2025-06-19 00:00:00,1442,2025-06-20 00:00:00,2025-06-20 00:00:00,COM,JAI SAKTHI,26,2025-06-25 00:00:00,2025-07-19 00:00:00,2025-07-18 00:00:00,1442,COM,,,,,,,,,,,1453,,-1453,,,,
,,,,,,JBLK,900,1031,2025-05-24 00:00:00,-129,2025-05-27 00:00:00,87/2/5,89/9,2025-06-04 00:00:00,2025-06-14 00:00:00,2025-06-09 00:00:00,COM,SHK,2025-06-09 00:00:00,2025-06-11 00:00:00,2025-06-13 00:00:00,COM,2025-06-13 00:00:00,1012,2025-06-13 00:00:00,2025-06-13 00:00:00,COM,JAI SAKTHI,25,2025-06-17 00:00:00,2025-07-15 00:00:00,2025-07-15 00:00:00,1012,COM,,,,,,,,,,,1031,,-1031,,,,
,,,,,,"G5D7
SPICY RED
18-1657 TCX",800,927,2025-05-24 00:00:00,-129,2025-05-27 00:00:00,78/8/4,83/10/5,2025-06-08 00:00:00,2025-06-14 00:00:00,2025-06-11 00:00:00,COM,SHK,2025-06-09 00:00:00,2025-06-14 00:00:00,2025-06-17 00:00:00,COM,2025-06-14 00:00:00,910,2025-06-17 00:00:00,2025-06-16 00:00:00,COM,JAI SAKTHI,22,2025-06-20 00:00:00,2025-07-02 00:00:00,2025-07-11 00:00:00,910,COM,,,,,,,,,,,927,,-927,,,,
,290,,,,,G011,346,386,2025-06-06 00:00:00,-116,2025-06-14 00:00:00,33/4,33/4,PROJECTION-1203 ,2025-06-18 00:00:00,2025-06-14 00:00:00,COM,SHK,2025-06-09 00:00:00,2025-06-16 00:00:00,2025-06-16 00:00:00,COM,2025-06-23 00:00:00,386,2025-06-24 00:00:00,2025-06-24 00:00:00,COM,JAI SAKTHI,17,2025-07-18 00:00:00,2025-07-28 00:00:00,2025-07-28 00:00:00,417,COM,,,,,,,,,,,386,,-386,,,,
,,,,,,"G5D7
SPICY RED
18-1657 TCX",616,669,2025-06-06 00:00:00,-116,2025-06-14 00:00:00,56/1,56/1,2025-06-27 00:00:00,2025-07-03 00:00:00,2025-07-07 00:00:00,COM,SHK,2025-06-09 00:00:00,2025-07-10 00:00:00,2025-07-14 00:00:00,COM,2025-07-14 00:00:00,712,2025-07-14 00:00:00,2025-07-15 00:00:00,COM,JAI SAKTHI,19,2025-07-18 00:00:00,2025-07-28 00:00:00,690,690,COM,,,,,,,,,,,669,,-669,,,,
,,,,,,JBLK,202,234,2025-06-06 00:00:00,-116,2025-06-14 00:00:00,20/2,21/2,,2025-07-03 00:00:00,2025-07-04 00:00:00,COM,SHK,2025-06-09 00:00:00,2025-07-09 00:00:00,2025-07-09 00:00:00,COM,2025-07-11 00:00:00,270,2025-07-11 00:00:00,2025-07-12 00:00:00,COM,JAI SAKTHI,19,2025-07-18 00:00:00,2025-07-28 00:00:00,258,258,COM,,,,,,,,,,,234,,-234,,,,
13,185,UNIT-2,,N6RI03,"K8HM4
50%ORG COTTON 50% REG COTTO SINGLE JERSEY 160 GSM GSM",G011,800,951,2025-05-24 00:00:00,-129,2025-05-27 00:00:00,71/8,71/9,PRJECTION,STOCK,2025-06-12 00:00:00,COM,SHK,2025-06-09 00:00:00,2025-06-16 00:00:00,2025-06-16 00:00:00,COM,2025-06-19 00:00:00,930,2025-06-20 00:00:00,2025-06-20 00:00:00,COM,NAVEEN,14,2025-06-28 00:00:00,2025-07-11 00:00:00,2025-07-11 00:00:00,930,COM,,,,,,,,,,,951,,-951,,,,
,,,,,,"G5D7
SPICY RED
18-1657 TCX",800,942,2025-05-24 00:00:00,-129,2025-05-27 00:00:00,70/8,70/8,2025-06-12 00:00:00,2025-06-16 00:00:00,2025-06-12 00:00:00,COM,SHK,2025-06-09 00:00:00,2025-06-14 00:00:00,2025-06-17 00:00:00,COM,2025-06-14 00:00:00,924,2025-06-17 00:00:00,2025-06-16 00:00:00,COM,NAVEEN,21,2025-06-21 00:00:00,2025-07-11 00:00:00,2025-07-11 00:00:00,942,COM,,,,,,,,,,,942,,-942,,,,
,291,,,,,G011,295,331,2025-06-06 00:00:00,-116,2025-06-12 00:00:00,25/3,25/3,PRJECTION,2025-06-12 00:00:00,2025-06-12 00:00:00,COM,SHK,2025-06-09 00:00:00,2025-06-20 00:00:00,2025-06-20 00:00:00,COM,2025-06-24 00:00:00,361,6/,2025-07-17 00:00:00,COM,NAVEEN,37,2025-06-30 00:00:00,2025-08-02 00:00:00,2025-07-11 00:00:00,361,COM,,,,,,,,,,,331,,-331,,,,
,,,,,,"G5D7
SPICY RED
18-1657 TCX",228,261,2025-06-06 00:00:00,-116,2025-06-12 00:00:00,20/2,20/2,,2025-07-03 00:00:00,2025-07-07 00:00:00,COM,SHK,2025-06-09 00:00:00,2025-07-15 00:00:00,2025-07-15 00:00:00,COM,2025-07-17 00:00:00,275,2025-07-17 00:00:00,2025-07-18 00:00:00,COM,NAVEEN,15,2025-07-22 00:00:00,2025-08-02 00:00:00,2025-01-08 00:00:00,275,COM,,,,,,,,,,,261,,-261,,,,
14,183,UNIT-1,,N6RI06,"K8HM4
50%ORG COTTON 50% REG COTTO SINGLE JERSEY 160 GSM GSM",G011,600,740,2025-05-24 00:00:00,-129,2025-05-27 00:00:00,74/6,74,PRJECTION,STOCK,2025-06-12 00:00:00,COM,SHK,2025-06-11 00:00:00,2025-06-16 00:00:00,2025-06-16 00:00:00,COM,2025-06-19 00:00:00,728,2025-06-20 00:00:00,2025-06-20 00:00:00,COM,FRESH,14,2025-06-26 00:00:00,2025-06-28 00:00:00,2025-07-09 00:00:00,728,COM,,,,,,,,,,,740,,-740,,,,
15,184,UNIT-1,,L6RI29,"KCM24
50%ORG COTTON 50% REG COTTON JAQUARD JERSEY/JERSEY 205 GSM",JBLK,1100,1235,2025-05-24 00:00:00,-129,2025-05-31 00:00:00,381,362/37,RFD,2025-06-20 00:00:00,2025-06-17 00:00:00,COM,SHK,2025-06-19 00:00:00,2025-06-26 00:00:00,2025-06-28 00:00:00,COM,2025-06-30 00:00:00,1200,2025-06-30 00:00:00,2025-07-04 00:00:00,COM,SAFRAN,-88,2025-07-04 00:00:00,,,,,,,,,,,,,,,1235,1204,-31,104,COM,,
,,,,,,G011,900,1019,2025-05-24 00:00:00,-129,2025-05-31 00:00:00,231,231,2025-06-21 00:00:00,2025-06-20 00:00:00,2025-06-24 00:00:00,COM,SHK,2025-06-19 00:00:00,2025-06-26 00:00:00,2025-06-28 00:00:00,COM,2025-07-02 00:00:00,1011,2025-07-05 00:00:00,2025-07-02 00:00:00,COM,ESSTEE,1774-03-30 00:00:00,,,,,,,,,,,,,,,,1019,1012,-7,112,COM,,
,,,,,,G7N1,245,367,2025-05-24 00:00:00,-129,2025-05-31 00:00:00,107,107,2025-07-29 00:00:00,2025-06-20 00:00:00,2025-06-24 00:00:00,COM,SHK,2025-06-19 00:00:00,2025-06-26 00:00:00,2025-06-28 00:00:00,COM,2025-07-02 00:00:00,315,2025-07-05 00:00:00,2025-07-02 00:00:00,COM,SAFRAN,-88,2025-07-04 00:00:00,,,,,,,,,,,,,,,367,315,-52,70,COM,,
,287,,,,,G011,403,450,2025-06-06 00:00:00,-116,2025-06-14 00:00:00,103,103,2025-06-28 00:00:00,2025-07-14 00:00:00,2025-07-02 00:00:00,COM,SHK,2025-06-19 00:00:00,2025-07-04 00:00:00,2025-07-04 00:00:00,COM,2025-07-10 00:00:00,442,2025-07-11 00:00:00,2025-07-15 00:00:00,COM,ESSTEE,1774-03-30 00:00:00,,,,,,,,,,,,,,,,450,,-450,,,,
,,,,,,G7N1,151,177,2025-06-06 00:00:00,-116,2025-06-14 00:00:00,153,153,RFD,2025-07-14 00:00:00,2025-07-08 00:00:00,COM,SHK,2025-06-19 00:00:00,2025-07-10 00:00:00,2025-07-14 00:00:00,COM,2025-07-22 00:00:00,188,2025-07-24 00:00:00,2025-07-26 00:00:00,COM,,1774-03-30 00:00:00,,,,,,,,,,,,,,,,177,,-177,,,,
,,,,,,JBLK,438,487,2025-06-06 00:00:00,-116,2025-06-14 00:00:00,,,RFD,2025-07-14 00:00:00,2025-07-08 00:00:00,COM,SHK,2025-06-19 00:00:00,2025-07-10 00:00:00,2025-07-14 00:00:00,COM,2025-07-22 00:00:00,492,2025-07-24 00:00:00,2025-07-26 00:00:00,COM,,1774-03-30 00:00:00,,,,,,,,,,,,,,,,487,,-487,,,,
16,182,UNIT-1,,N6RI26,"KCM24
50%ORG COTTON 50% REG COTTON JAQUARD JERSEY/JERSEY 205 GSM",G7N1,500,571,2025-05-24 00:00:00,-129,2025-05-31 00:00:00,66/10,66/10,RFD,2025-06-20 00:00:00,2025-06-17 00:00:00,COM,SHK,2025-06-19 00:00:00,2025-06-26 00:00:00,2025-06-28 00:00:00,COM,2025-07-03 00:00:00,610,2025-07-03 00:00:00,2025-07-05 00:00:00,COM,SAFRAN,-76,2025-07-16 00:00:00,,,,,,,,,,,,,,,571,610,39,110,COM,,
,,,,,,G011,650,733,2025-05-24 00:00:00,-129,2025-05-31 00:00:00,84/12,81,2025-06-21 00:00:00,2025-06-20 00:00:00,2025-06-24 00:00:00,COM,SHK,2025-06-19 00:00:00,2025-06-26 00:00:00,2025-06-28 00:00:00,COM,2025-07-03 00:00:00,760,2025-07-03 00:00:00,2025-07-05 00:00:00,COM,ESSTEE,-80,2025-07-12 00:00:00,,,,,,,,,,,,,,,760,761,1,111,COM,,
,292,,,,,G011,266,310,2025-06-06 00:00:00,-116,2025-06-13 00:00:00,35/6,35/6,2025-06-28 00:00:00,2025-07-01 00:00:00,2025-02-07 00:00:00,COM,SHK,2025-06-19 00:00:00,2025-07-09 00:00:00,2025-07-09 00:00:00,COM,2025-07-11 00:00:00,348,2025-07-11 00:00:00,2025-07-15 00:00:00,COM,SAFRAN,1774-03-30 00:00:00,,,,,,,,,,,,,,,,310,,-310,,,,
17,186,UNIT-2,,L6RP07,"KCM24
50%ORG COTTON 50% REG COTTON JAQUARD JERSEY/JERSEY 205 GSM",JBLK,400,456,2025-05-24 00:00:00,-129,2025-05-31 00:00:00,118,,,2025-06-23 00:00:00,,COM,SHK,,,,COM,2025-07-05 00:00:00,472,2025-07-10 00:00:00,2025-07-10 00:00:00,COM,SAFRAN,-68,2025-07-24 00:00:00,,,,,,,,,,,,,,,456,,-456,,,,
,,,,,,G011,800,888,2025-05-24 00:00:00,-129,2025-05-31 00:00:00,198,198,2025-06-23 00:00:00,2025-06-23 00:00:00,2025-06-24 00:00:00,COM,SHK,2025-06-19 00:00:00,2025-06-26 00:00:00,2025-06-28 00:00:00,COM,2025-07-04 00:00:00,872,2025-07-04 00:00:00,2025-07-10 00:00:00,COM,SAFRAN,1774-03-30 00:00:00,,,,,,,,,,,,,,,,888,,-888,,,,
,,,,,,G7N1,285,333,2025-05-24 00:00:00,-129,2025-05-31 00:00:00,69,176,RFD,2025-06-23 00:00:00,2025-06-19 00:00:00,COM,SHK,2025-06-19 00:00:00,2025-06-26 00:00:00,2025-06-28 00:00:00,COM,2025-07-05 00:00:00,355,2025-07-07 00:00:00,2025-07-10 00:00:00,COM,ESSTEE,1774-03-30 00:00:00,,,,,,,,,,,,,,,,333,,-333,,,,
,231,,,,,G011,365,409,2025-06-06 00:00:00,-116,2025-06-13 00:00:00,90,,2025-06-28 00:00:00,2025-07-05 00:00:00,2025-07-02 00:00:00,COM,SHK,2025-06-19 00:00:00,2025-06-26 00:00:00,2025-06-28 00:00:00,COM,2025-07-07 00:00:00,472,2025-07-07 00:00:00,2025-07-10 00:00:00,COM,SAFRAN,1774-03-30 00:00:00,,,,,,,,,,,,,,,,472,442,-30,77,COM,,
,,,,,,,,,,,,,,,,,,,,,,,,,,,,,1774-03-30 00:00:00,,,,,,,,,,,,,,,,,,0,,,,
18,235,UNIT-2,,J5RI46,"J1314
50%ORGANIC COTTON 
45% REGULAR COTTON 
5% ELASTANE L/JERSY
160 GSM ",JET BLACK,1493,1590,2025-06-06 00:00:00,-116,2025-06-12 00:00:00,200/16,200/16,2025-06-23 00:00:00,2025-06-27 00:00:00,2025-07-01 00:00:00,COM,SHK,2025-07-01 00:00:00,2025-07-02 00:00:00,2025-07-02 00:00:00,COM,2025-07-07 00:00:00,1578,2025-07-07 00:00:00,2025-07-10 00:00:00,COM,NAVEEN,12,2025-07-09 00:00:00,2025-07-18 00:00:00,2025-07-18 00:00:00,1578,COM,VPR,2025-07-19 00:00:00,2025-08-02 00:00:00,1578,COM,,,,,,1590,,-1590,,,,
,,,,,,OCEAN SALT,1226,1686,2025-06-06 00:00:00,-116,2025-06-12 00:00:00,211/17,211/17,2025-06-30 00:00:00,2025-06-27 00:00:00,2025-07-03 00:00:00,COM,SHK,2025-07-01 00:00:00,2025-07-07 00:00:00,2025-07-07 00:00:00,COM,2025-07-17 00:00:00,1570,2025-07-16 00:00:00,2025-07-15 00:00:00,COM,NAVEEN,-73,2025-07-19 00:00:00,2025-07-29 00:00:00,,,,,,,,,,,,,,1686,,-1686,,,,
,,,,,,BLUSHED BRDIE,1581,1310,2025-06-06 00:00:00,-116,2025-06-12 00:00:00,165/13,165/13,,2025-06-27 00:00:00,2025-07-08 00:00:00,COM,SHK,2025-07-01 00:00:00,2025-07-14 00:00:00,2025-07-15 00:00:00,COM,2025-07-26 00:00:00,1196,2025-07-28 00:00:00,2025-07-28 00:00:00,COM,NAVEEN,-63,2025-07-29 00:00:00,2025-08-09 00:00:00,,,,,,,,,,,,,,1310,,-1310,,,,
19,309,UNIT-2,,J4YG01,"50%ORGANIC COTTON
50%REGULAR COTTON
FRENCH TRRRY
290 GSM / PANT -50 % ORGANIC 45% REGULAR 5% ELASTAN",PURE WHITE,344,401,2025-06-06 00:00:00,-116,2025-06-16 00:00:00,113/39/57,133/4,2025-06-24 00:00:00,2025-07-05 00:00:00,2025-06-28 00:00:00,COM,SHK,2025-06-17 00:00:00,2025-07-02 00:00:00,2025-07-02 00:00:00,COM,2025-07-07 00:00:00,404,2025-07-07 00:00:00,2025-07-10 00:00:00,COM,FRESH,12,2025-07-09 00:00:00,2025-07-15 00:00:00,2025-07-18 00:00:00,404,COM,,,,,,,,,,,401,,-401,,,,
,,,,,,JET BLACK,400,461,2025-06-06 00:00:00,-116,2025-06-16 00:00:00,131/66/39,,PROJECTION,,2025-07-05 00:00:00,COM,SHK,2025-06-17 00:00:00,2025-06-20 00:00:00,2025-06-18 00:00:00,COM,2025-06-23 00:00:00,464,2025-06-24 00:00:00,2025-06-25 00:00:00,COM,FRESH,1774-03-30 00:00:00,,,,,,,,,,,,,,,,461,,-461,,,,
20,288,UNIT-2,,N0BI22,100% COTTON,PURE WHITE,850,950,2025-06-06 00:00:00,-116,69/7/2,69,81,PROJECTION,2025-06-20 00:00:00,2025-06-18 00:00:00,COM,SHK,2025-06-18 00:00:00,2025-06-20 00:00:00,2025-06-19 00:00:00,COM,2025-07-02 00:00:00,960,2025-07-03 00:00:00,2025-07-03 00:00:00,COM,,#VALUE!,,,,,,,,,,,,,,,,950,,-950,,,,
21,289,UNIT-2,,NOBI26,100% COTTON,PURE WHITE,1700,1869,2025-06-06 00:00:00,-116,171/15/13,,,PROJECTION,2025-06-20 00:00:00,2025-06-18 00:00:00,COM,SHK,2025-06-18 00:00:00,2025-06-19 00:00:00,2025-06-19 00:00:00,COM,2025-06-18 00:00:00,1885,2025-06-19 00:00:00,2025-06-20 00:00:00,COM,,#VALUE!,,,,,,,,,,,,,,,,1869,,-1869,,,,
22,221,,,J4BI10,"50%ORGANIC COTTON
50%REGULAR COTTON
S/J 
180 GSM",JET BLACK,245,307,2025-06-06 00:00:00,-116,2025-06-01 00:00:00,54/3,62/8,PROJECTION,2025-06-20 00:00:00,2025-06-18 00:00:00,COM,SHK,2025-06-18 00:00:00,2025-06-20 00:00:00,2025-06-20 00:00:00,COM,2025-06-23 00:00:00,295,2025-06-23 00:00:00,2025-06-25 00:00:00,COM,ESSTEE,-96,2025-06-26 00:00:00,,,223,,,,,,,,,,,,307,,-307,,,,
,,,,,,PURE WHITE,264,332,2025-06-06 00:00:00,-116,2025-06-13 00:00:00,45/7,45/7,PROJECTION-614,2025-06-30 00:00:00,2025-06-16 00:00:00,COM,SHK,2025-06-18 00:00:00,2025-06-20 00:00:00,2025-06-20 00:00:00,COM,2025-06-23 00:00:00,332,2025-06-23 00:00:00,2025-06-25 00:00:00,COM,ESSTEE,33,2025-06-27 00:00:00,2025-07-30 00:00:00,2025-07-29 00:00:00,297,COM,,,,,,,,,,,332,,-332,,,,
23,274,UNIT-1,,J81I15,LYCRA JERSEY -95 % COTTON 5% ELASTAN,PURE WHITE,600,681,2025-06-06 00:00:00,-116,2025-06-13 00:00:00,77,77,PROJECTION -1201,2025-06-18 00:00:00,2025-06-14 00:00:00,COM,SHK,2025-06-18 00:00:00,2025-06-19 00:00:00,2025-06-19 00:00:00,COM,2025-06-19 00:00:00,680,2025-06-20 00:00:00,2025-06-20 00:00:00,COM,FRESH,9,2025-07-08 00:00:00,2025-07-17 00:00:00,2025-07-17 00:00:00,,COM,,,,,,,,,,,681,,-681,,,,
,,,,,,BLACK AND RED BLACK,454,522,2025-06-06 00:00:00,-116,2025-06-13 00:00:00,63,63,2025-06-23 00:00:00,2025-07-03 00:00:00,2025-07-01 00:00:00,COM,SHK,2025-06-18 00:00:00,2025-07-04 00:00:00,2025-07-05 00:00:00,COM,2025-07-07 00:00:00,522,2025-07-10 00:00:00,2025-07-07 00:00:00,COM,FRESH,9,2025-07-08 00:00:00,2025-07-17 00:00:00,2025-07-17 00:00:00,,COM,,,,,,,,,,,522,,-522,,,,
,,,,,,JET BLACK,449,515,2025-06-06 00:00:00,-116,2025-06-13 00:00:00,62,62,2025-06-23 00:00:00,2025-07-03 00:00:00,2025-07-01 00:00:00,COM,SHK,2025-06-18 00:00:00,2025-07-03 00:00:00,2025-07-03 00:00:00,COM,2025-07-04 00:00:00,510,2025-07-04 00:00:00,2025-07-04 00:00:00,COM,FRESH,9,2025-07-08 00:00:00,2025-07-17 00:00:00,2025-07-17 00:00:00,,COM,,,,,,,,,,,515,,-515,,,,
24,226,UNIT2,,J4YI16,50% ORGANIC COTTON 46% REGULAR COTTON 4% ELASTANE -230 GSM,CUTTING REPORT UNIT-2,3203,3482,2025-06-06 00:00:00,-116,2025-06-17 00:00:00,413,413,2025-07-07 00:00:00,2025-07-03 00:00:00,2025-07-10 00:00:00,COM,SHK,2025-06-24 00:00:00,2025-07-15 00:00:00,2025-07-15 00:00:00,COM,2025-07-17 00:00:00,3437,2025-07-22 00:00:00,2025-07-25 00:00:00,COM,VINAYAGA,-68,2025-07-24 00:00:00,,,,,,,,,,,,,,,3482,,-3482,,,,
,,,,,,JET BLACK,3080,3348,2025-06-06 00:00:00,-116,2025-06-17 00:00:00,396,396,2025-07-06 00:00:00,2025-07-03 00:00:00,2025-07-11 00:00:00,COM,SHK,2025-06-24 00:00:00,2025-07-15 00:00:00,2025-07-15 00:00:00,COM,2025-07-17 00:00:00,3304,2025-07-18 00:00:00,2025-07-20 00:00:00,COM,VINAYAGA,14,2025-07-23 00:00:00,2025-08-03 00:00:00,2025-08-04 00:00:00,2245,COM,,,,,,,,,,,3348,,-3348,,,,
,,,,,,BALLAT PINK,858,947,2025-06-06 00:00:00,-116,2025-06-17 00:00:00,122,122,2025-07-03 00:00:00,2025-07-03 00:00:00,2025-07-07 00:00:00,COM,SHK,2025-06-24 00:00:00,2025-07-08 00:00:00,2025-07-09 00:00:00,COM,2025-07-17 00:00:00,980,2025-07-18 00:00:00,2025-07-20 00:00:00,COM,VINAYAGA,-69,2025-07-23 00:00:00,,,,,,,,,,,,,,,947,,-947,,,,
,318,,,,,JET BLACK,1000,1095,,-45930,,128,128,PROJECTION,2025-06-25 00:00:00,2025-06-23 00:00:00,COM,SHK,2025-06-24 00:00:00,2025-06-25 00:00:00,2025-06-25 00:00:00,COM,2025-06-26 00:00:00,1100,2025-06-26 00:00:00,2025-06-25 00:00:00,COM,ESSTEE,12,2025-06-27 00:00:00,2025-07-08 00:00:00,2025-07-09 00:00:00,1087,COM,,,,,,,,,,,1095,1052,-43,52,COM,,
,,,,,,PURE WHITE,1000,1095,,-45930,,128,128,PROJETCION,2025-06-25 00:00:00,2025-06-23 00:00:00,COM,SHK,2025-06-24 00:00:00,2025-06-25 00:00:00,2025-06-25 00:00:00,COM,2025-06-26 00:00:00,110,2025-06-26 00:00:00,2025-06-25 00:00:00,COM,ESSTEE,12,2025-06-27 00:00:00,2025-07-08 00:00:00,2025-07-09 00:00:00,1087,COM,,,,,,,,,,,1095,1052,-43,52,COM,,
25,232,UNIT-1,,J4YI49,50% ORGANIC COTTON 46% REGULAR COTTON 4% ELASTANE -230 GSM,PURE WHITE,800,862,2025-06-06 00:00:00,-116,2025-06-14 00:00:00,155,155,PROJECTION -1204,2025-06-18 00:00:00,2025-06-14 00:00:00,COM,SHK,2025-06-19 00:00:00,2025-06-19 00:00:00,2025-06-19 00:00:00,COM,2025-06-23 00:00:00,862,2025-06-30 00:00:00,2025-06-30 00:00:00,COM,ESSTEE,7,2025-06-24 00:00:00,2025-06-30 00:00:00,2025-06-30 00:00:00,862,COM,,,,,,,,,,,862,,-862,,,,
,,,,,,JET BLACK,600,653,2025-06-06 00:00:00,-116,2025-06-14 00:00:00,117,117,PROJECTION -1204,2025-06-18 00:00:00,2025-06-14 00:00:00,COM,SHK,2025-06-19 00:00:00,2025-06-20 00:00:00,2025-06-20 00:00:00,COM,2025-06-21 00:00:00,675,2025-06-23 00:00:00,2025-06-24 00:00:00,COM,ESSTEE,8,2025-06-23 00:00:00,2025-06-30 00:00:00,2025-06-30 00:00:00,675,COM,,,,,,,,,,,653,656,3,56,COM,,
,,,,,,BALLAT PINK,382,424,2025-06-06 00:00:00,-116,2025-06-14 00:00:00,76,76,2025-07-04 00:00:00,2025-07-04 00:00:00,2025-07-07 00:00:00,COM,SHK,2025-06-19 00:00:00,2025-07-10 00:00:00,2025-07-14 00:00:00,COM,2025-07-16 00:00:00,420,2025-07-16 00:00:00,2025-07-17 00:00:00,COM,ESSTEE,18,2025-07-19 00:00:00,2025-07-29 00:00:00,2025-08-04 00:00:00,420,COM,,,,,,,,,,,424,,-424,,,,
26,282,UNIT 2,,L5RI32,95% COTTON 5% ELASTAN,PURE WHITE,416,,2025-06-06 00:00:00,-116,2025-06-14 00:00:00,69/11,69/11,PROJECTION -38,2025-06-18 00:00:00,2025-06-14 00:00:00,COM,SHK,2025-06-21 00:00:00,2025-06-24 00:00:00,2025-06-24 00:00:00,COM,2025-06-24 00:00:00,466,2025-06-24 00:00:00,2025-06-25 00:00:00,COM,ESSTEE,-94,2025-06-28 00:00:00,,,,,,,,,,,,,,,,,0,,,,
,,,,,,G7V2,268,,2025-06-06 00:00:00,-116,2025-06-14 00:00:00,,,2025-07-12 00:00:00,2025-07-12 00:00:00,2025-07-15 00:00:00,COM,SHK,2025-06-21 00:00:00,2025-07-17 00:00:00,2025-07-05 00:00:00,COM,2025-07-22 00:00:00,303,2025-07-23 00:00:00,2025-07-25 00:00:00,COM,ESSTEE,-62,2025-07-30 00:00:00,,,,,,,,,,,,,,,,,0,,,,
27,224,UNIT 2,,J4BI34,,JET BLACK,1491,1633,2025-06-06 00:00:00,-116,2025-06-14 00:00:00,172,172,PROJECTION -1201,2025-06-18 00:00:00,2025-06-14 00:00:00,COM,SHK,2025-06-18 00:00:00,2025-06-19 00:00:00,2025-06-19 00:00:00,COM,2025-06-19 00:00:00,1565,2025-06-20 00:00:00,2025-06-20 00:00:00,COM,ESSTEE,7,2025-06-20 00:00:00,2025-06-28 00:00:00,2025-06-27 00:00:00,1565,COM,,,,,,,,,,COM,1633,1501,-132,,,,
,,,,,,PURE WHITE,1574,1721,2025-06-06 00:00:00,-116,2025-06-14 00:00:00,181,181,PROJECTION -871,2025-06-18 00:00:00,2025-06-14 00:00:00,COM,SHK,2025-06-18 00:00:00,2025-06-19 00:00:00,2025-06-19 00:00:00,COM,2025-06-19 00:00:00,1671,2025-06-20 00:00:00,2025-06-20 00:00:00,COM,ESSTEE,7,2025-06-20 00:00:00,2025-06-28 00:00:00,2025-06-27 00:00:00,1671,COM,,,,,,,,,,,1721,,-1721,,,,
28,216,UNIT-2,,H4BJ06,"50%ORGANIC COTTON
50%REGULAR COTTON
S/J 
180 GSM",PURE WHITE,1350,1480,2025-06-06 00:00:00,-116,2025-06-16 00:00:00,247/15,247,2025-06-24 00:00:00,2025-07-12 00:00:00,2025-06-28 00:00:00,COM,SHK,2025-06-30 00:00:00,2025-07-02 00:00:00,2025-07-02 00:00:00,COM,2025-07-15 00:00:00,1382,2025-07-15 00:00:00,2025-07-15 00:00:00,COM,FRESH,9,2025-07-28 00:00:00,2025-08-08 00:00:00,2025-08-02 00:00:00,1008,COM,,,,,,,,,,,1480,,-1480,,,,
,,,,,,JET BLACK,700,778,2025-06-06 00:00:00,-116,2025-06-16 00:00:00,130/8,130/8,,2025-07-12 00:00:00,2025-07-04 00:00:00,COM,SHK,2025-06-30 00:00:00,2025-07-08 00:00:00,2025-07-09 00:00:00,COM,2025-07-11 00:00:00,781,2025-07-11 00:00:00,2025-07-15 00:00:00,COM,FRESH,9,,,,,,,,,,,,,,,,778,,-778,,,,
,,,,,,COTTON CANDY PINK,734,814,2025-06-06 00:00:00,-116,2025-06-16 00:00:00,136/8,136/8,2025-06-30 00:00:00,2025-07-12 00:00:00,2025-07-02 00:00:00,COM,SHK,2025-06-30 00:00:00,2025-07-07 00:00:00,2025-07-08 00:00:00,COM,2025-07-09 00:00:00,779,2025-07-09 00:00:00,2025-07-11 00:00:00,COM,FRESH,9,2025-07-28 00:00:00,2025-08-08 00:00:00,2025-08-02 00:00:00,362,COM,,,,,,,,,,,814,,-814,,,,
,,,,,,SMART BLUE,550,616,2025-06-06 00:00:00,-116,2025-06-16 00:00:00,103/6,103/6,2025-07-12 00:00:00,2025-07-12 00:00:00,2025-07-15 00:00:00,COM,SHK,2025-06-30 00:00:00,2025-07-17 00:00:00,2025-07-05 00:00:00,COM,2025-07-21 00:00:00,615,2025-07-22 00:00:00,2025-07-25 00:00:00,COM,FRESH,-45930,,,,,,,,,,,,,,,,616,,-616,,,,
29,219,UNIT-2,,H4BT01,"50%ORGANIC COTTON
50%REGULAR COTTON
S/J 
180 GSM",PURE WHITE,1447,1595,2025-06-06 00:00:00,-116,2025-06-14 00:00:00,157/16,157/16,PROJECTION -1203,2025-06-18 00:00:00,2025-06-14 00:00:00,COM,SHK,2025-06-18 00:00:00,2025-06-19 00:00:00,2025-06-19 00:00:00,COM,2025-06-19 00:00:00,1595,2025-06-20 00:00:00,2025-06-20 00:00:00,COM,FRESH,42,2025-06-25 00:00:00,2025-08-08 00:00:00,2025-08-04 00:00:00,1109,COM,,,,,,,,,,,1595,,-1595,,,,
,,,,,,JET BLACK,276,329,2025-06-06 00:00:00,-116,2025-06-14 00:00:00,33/3,33/3,PROJECTION -612,2025-06-18 00:00:00,2025-06-14 00:00:00,COM,SHK,2025-06-18 00:00:00,2025-06-26 00:00:00,2025-06-19 00:00:00,COM,2025-06-28 00:00:00,368,2025-06-30 00:00:00,2025-06-30 00:00:00,COM,FRESH,7,2025-07-30 00:00:00,2025-08-10 00:00:00,2025-08-06 00:00:00,,COM,,,,,,,,,,,329,,-329,,,,
,,,,,,COTTON CANDY PINK,659,744,2025-06-06 00:00:00,-116,2025-06-14 00:00:00,73/7,73/7,2025-06-30 00:00:00,2025-07-03 00:00:00,2025-07-05 00:00:00,COM,SHK,2025-06-18 00:00:00,2025-07-07 00:00:00,2025-07-08 00:00:00,COM,2025-07-14 00:00:00,766,2025-07-14 00:00:00,2025-07-15 00:00:00,COM,FRESH,9,2025-07-28 00:00:00,2025-08-08 00:00:00,2025-08-04 00:00:00,317,COM,,,,,,,,,,,744,,-744,,,,
,,,,,,SMART BLUE,700,786,2025-06-06 00:00:00,-116,2025-06-14 00:00:00,77/8,77/8,2025-07-12 00:00:00,2025-07-12 00:00:00,2025-07-15 00:00:00,COM,SHK,2025-06-18 00:00:00,2025-07-19 00:00:00,2025-07-19 00:00:00,COM,2025-07-24 00:00:00,817,2025-07-25 00:00:00,2025-07-25 00:00:00,COM,FRESH,7,2025-07-30 00:00:00,2025-08-10 00:00:00,2025-08-06 00:00:00,,COM,,,,,,,,,,,786,,-786,,,,
30,243,UNIT-2,,J5YK11,50% ORGANIC COTTON 46% REGULAR COTTON 4% ELASTANE -230 GSM,PURE WHITE,500,547,2025-06-06 00:00:00,-116,2025-06-14 00:00:00,109,110,,2025-07-10 00:00:00,2025-07-10 00:00:00,COM,SHK,2025-07-11 00:00:00,2025-07-14 00:00:00,2025-07-14 00:00:00,COM,2025-07-26 00:00:00,560,2025-07-23 00:00:00,2025-07-24 00:00:00,COM,VINAYAGA,13,2025-07-24 00:00:00,2025-08-04 00:00:00,2025-08-05 00:00:00,544,COM,,,,,,,,,,,547,,-547,,,,
,,,,,,JET BLACK,1801,1915,2025-06-06 00:00:00,-116,2025-06-14 00:00:00,383,383,2025-07-08 00:00:00,2025-07-10 00:00:00,2025-07-11 00:00:00,COM,SHK,2025-07-11 00:00:00,2025-07-15 00:00:00,2025-07-15 00:00:00,COM,2025-07-21 00:00:00,1902,2025-07-22 00:00:00,2025-07-25 00:00:00,COM,VINAYAGA,13,2025-07-24 00:00:00,2025-08-04 00:00:00,2025-08-06 00:00:00,1902,COM,,,,,,,,,,,1915,,-1915,,,,
,317,,,,,JET BLACK,1000,1088,,-45930,,210,210,2025-07-08 00:00:00,2025-07-10 00:00:00,2025-07-11 00:00:00,COM,SHK,2025-07-11 00:00:00,2025-07-15 00:00:00,2025-07-15 00:00:00,COM,2025-07-23 00:00:00,1067,2025-07-23 00:00:00,2025-07-23 00:00:00,COM,VINAYAGA,13,2025-07-24 00:00:00,2025-08-04 00:00:00,2025-08-06 00:00:00,996,COM,,,,,,,,,,,1088,,-1088,,,,
31,239,UNIT-2,,J5YI42,"50%ORGANIC COTTON
46 %REGULAR COTTON
4% ELASTANE S/RIB -270 GSM",JET BLACK,254,300,2025-06-06 00:00:00,-116,2025-06-12 00:00:00,58,58,PROJECTION-1006,2025-06-18 00:00:00,2025-06-14 00:00:00,COM,SIZESET,2025-06-18 00:00:00,2025-06-19 00:00:00,2025-06-19 00:00:00,COM,2025-06-21 00:00:00,300,2025-06-24 00:00:00,2025-06-25 00:00:00,COM,VPR,7,2025-06-24 00:00:00,2025-07-02 00:00:00,2025-06-30 00:00:00,300,COM,,,,,,,,,,,300,300,0,46,cOM,,
32,281,UNIT-2,,L5BI16,100% COTTON,PURE WHITE,1157,1240,2025-06-06 00:00:00,-116,2025-06-12 00:00:00,250/16,250-16,2025-06-20 00:00:00,2025-06-27 00:00:00,2025-06-26 00:00:00,COM,SHK,2025-06-27 00:00:00,2025-06-28 00:00:00,2025-06-30 00:00:00,COM,2025-07-04 00:00:00,1157,2025-07-04 00:00:00,2025-04-07 00:00:00,COM,,,,,,,,,,,,,,,,,,1240,,-1240,,,,
,,,,,,JET BLACK,1125,1207,2025-06-06 00:00:00,-116,2025-06-12 00:00:00,244/16,244/16,2025-06-27 00:00:00,2025-06-27 00:00:00,2025-07-04 00:00:00,COM,SHK,2025-06-27 00:00:00,2025-07-08 00:00:00,2025-07-09 00:00:00,COM,7/111,1204,2025-07-11 00:00:00,2025-07-15 00:00:00,COM,,,,,,,,,,,,,,,,,,1207,,-1207,,,,
33,285,UNIT 1,,L6RI16,"K8HM4
50%ORG COTTON 50% REG COTTON S/JERSEY 160 GSM",G011,1552,1657,2025-06-06 00:00:00,-116,2025-06-14 00:00:00,307/5- RIB NEED DYE WITH STOCK MATCH,307/5,PROJECTION 1208,2025-06-18 00:00:00,2025-06-14 00:00:00,COM,SHK,2025-06-17 00:00:00,2025-06-18 00:00:00,2025-06-19 00:00:00,COM,2025-06-23 00:00:00,1587,2025-06-24 00:00:00,2025-06-25 00:00:00,COM,FRESH,18,2025-07-03 00:00:00,2025-07-16 00:00:00,2025-07-16 00:00:00,1587,COM,,,,,,,,,,,1657,,-1657,,,,
34,286,UNIT 1,,L6RI25,,G577 VINO,1437,1578,2025-06-06 00:00:00,-116,2025-06-16 00:00:00,474/24,474/24,RFD,2025-07-15 00:00:00,2025-07-08 00:00:00,COM,SHK,2025-07-10 00:00:00,2025-07-16 00:00:00,2025-07-20 00:00:00,COM,2025-07-25 00:00:00,1560,2025-07-28 00:00:00,2025-07-28 00:00:00,COM,SAFRAN,-62,2025-07-30 00:00:00,,,,,,,,,,,,,,,1578,,-1578,,,,
,,,,,,JBLK,340,390,2025-06-06 00:00:00,-116,2025-06-16 00:00:00,,,RFD,2025-07-15 00:00:00,2025-07-08 00:00:00,COM,SHK,2025-07-10 00:00:00,2025-07-16 00:00:00,2025-07-20 00:00:00,COM,2025-07-25 00:00:00,388,2025-07-24 00:00:00,2025-07-28 00:00:00,COM,SAFRAN,1774-03-30 00:00:00,,,,,,,,,,,,,,,,390,,-390,,,,
35,278,UNIT-1,,K6RK11,"KAD74
50%ORG COTTON 50% REG COTTON F/TERRY-340 GSM",G011,894,962,2025-06-06 00:00:00,-116,2025-06-18 00:00:00,204/13/2,204/13/2,2025-06-24 00:00:00,2025-07-05 00:00:00,2025-06-28 00:00:00,COM,SHK,2025-06-28 00:00:00,2025-07-04 00:00:00,2025-07-05 00:00:00,COM,2025-07-16 00:00:00,795,2025-07-17 00:00:00,2025-07-18 00:00:00,COM,ESSTEE,-75,2025-07-17 00:00:00,,,,,,,,,,,,,,,962,,-962,,,,
,,,,,,G7HR 19-4111 TCX SECRET BLUE,725,784,2025-06-06 00:00:00,-116,2025-06-18 00:00:00,166/11/2,166/11,2025-06-28 00:00:00,2025-07-05 00:00:00,2025-07-02 00:00:00,COM,SHK,2025-06-28 00:00:00,2025-07-07 00:00:00,2025-07-10 00:00:00,COM,2025-07-15 00:00:00,785,2025-07-15 00:00:00,2025-07-16 00:00:00,COM,FRESH,1774-03-30 00:00:00,,,,,,,,,,,,,,,,784,,-784,,,,
36,280,UNIT-1,,K6RQ03,"KAD74
50%ORG COTTON 50% REG COTTON F/TERRY-340 GSM",G011,1322,1432,2025-06-06 00:00:00,-116,2025-06-14 00:00:00,287/94/4,287/94/4,2025-06-24 00:00:00,2025-07-08 00:00:00,2025-07-01 00:00:00,COM,SS JUMPING SIZE,2025-07-01 00:00:00,2025-07-03 00:00:00,2025-07-05 00:00:00,COM,2025-07-11 00:00:00,1472,2025-07-11 00:00:00,2025-07-12 00:00:00,COM,ESSTEE,-82,2025-07-10 00:00:00,2025-08-10 00:00:00,,,,,,,,,,,,,,1432,,-1432,,,,
,,,,,,BLUSHED BRDIE,733,809,2025-06-06 00:00:00,-116,2025-06-14 00:00:00,162/53/2,162/53,2025-06-25 00:00:00,2025-07-08 00:00:00,2025-07-04 00:00:00,COM,SHK,2025-07-01 00:00:00,2025-07-10 00:00:00,2025-07-14 00:00:00,COM,2025-07-14 00:00:00,806,2025-07-14 00:00:00,2025-07-15 00:00:00,COM,FAMOUS,-74,2025-07-18 00:00:00,2025-07-28 00:00:00,,,,,,,,,,,,,,809,,-809,,,,
37,261,UNIT-1,,J6RI30,"KCNQ4
50%ORGANIC COTTON
50%REGULAR COTTON
HEAVY JERSEY
210 GSM",A14G HAZELNUT TOFFEE 13-1012TCX,1009,1084,2025-06-06 00:00:00,-116,2025-06-14 00:00:00,174/50,174/50,2025-06-28 00:00:00,2025-07-12 00:00:00,2025-07-16 00:00:00,COM,SHK,2025-07-04 00:00:00,2025-07-19 00:00:00,2025-07-19 00:00:00,COM,,,,,,,1774-03-30 00:00:00,,,,,,,,,,,,,,,,1084,,-1084,,,,
,,,,,,G7GM16-4031 TCX SILKTIE BLUE,331,374,2025-06-06 00:00:00,-116,2025-06-14 00:00:00,59/17,59/17,2025-06-27 00:00:00,2025-07-12 00:00:00,2025-07-15 00:00:00,COM,SHK,2025-07-04 00:00:00,2025-07-19 00:00:00,2025-07-19 00:00:00,COM,2025-07-26 00:00:00,371,2025-07-25 00:00:00,2025-07-26 00:00:00,COM,VINAYAGA,1774-03-30 00:00:00,,,,,,,,,,,,,,,,374,,-374,,,,
,,,,,,G7HR 19-4111 TCX SECRET BLUE,567,623,2025-06-06 00:00:00,-116,2025-06-14 00:00:00,99/28,99/28,2025-06-30 00:00:00,2025-07-12 00:00:00,2025-07-03 00:00:00,COM,SHK,2025-07-04 00:00:00,2025-07-05 00:00:00,2025-07-10 00:00:00,COM,2025-07-11 00:00:00,624,2025-07-11 00:00:00,2025-07-15 00:00:00,COM,VINAYAGA,-68,2025-07-24 00:00:00,,,,,,,,,,,,,,,623,,-623,,,,
38,264,UNIT-1,,J6RI35,"KB2P4
50%ORGANIC COTTON
46%REGULAR COTTON
4%ELASTANE
 DURBY RIB
230 GSM",JBLK,1219,,2025-06-06 00:00:00,-116,2025-06-14 00:00:00,,,RFD,,2025-07-04 00:00:00,COM,SS JUMPING SIZE,2025-06-28 00:00:00,2025-07-08 00:00:00,2025-07-08 00:00:00,COM,2025-07-17 00:00:00,1380,2025-07-18 00:00:00,2025-07-20 00:00:00,COM,,0,,,,,,VINAYAGA,,,,,,,,,,,,0,,,,
,,,,,,G011,1276,,2025-06-06 00:00:00,-116,2025-06-14 00:00:00,,,,2025-07-10 00:00:00,2025-07-10 00:00:00,COM,SHK,2025-06-28 00:00:00,2025-07-17 00:00:00,2025-07-05 00:00:00,COM,2025-07-22 00:00:00,1400,2025-07-24 00:00:00,2025-07-23 00:00:00,COM,SAFRAN,1774-03-30 00:00:00,,,,,,,,,,,,,,,,,,0,,,,
,,,,,,A73S -LIGHT BLUE SKY 15-4031 TCX,1696,,2025-06-06 00:00:00,-116,2025-06-14 00:00:00,,,PROJECTION,,,COM,SHK,2025-06-28 00:00:00,2025-07-02 00:00:00,2025-07-03 00:00:00,COM,2025-07-17 00:00:00,1863,2025-07-18 00:00:00,2025-07-20 00:00:00,COM,SAFRAN,-68,2025-07-24 00:00:00,,,,,,,,,,,,,,,,,0,,,,
,,,,,,G8FF VITAL GREEN16-5815 TCX,2451,,2025-06-06 00:00:00,-116,2025-06-14 00:00:00,,,RFD,,2025-04-07 00:00:00,COM,SHK,2025-06-28 00:00:00,2025-07-08 00:00:00,2025-07-08 00:00:00,COM,2025-07-04 00:00:00,2623,2025-07-05 00:00:00,2025-07-10 00:00:00,COM,SAFRAN,1774-03-30 00:00:00,,,,,,,,,,,,,,,,,,0,,,,
39,266,UNIT-1,,J6RI38,"K6YW4
50%ORGANIC COTTON
45%REGULAR COTTON
5%COTTON
L/JERSEY
160 GSM",G7HR 19-4111 TCX SECRET BLUE,312,350,2025-06-06 00:00:00,-116,2025-06-12 00:00:00,43,44,PROJECTION -1010,2025-06-18 00:00:00,2025-06-14 00:00:00,COM,SHK,2025-06-18 00:00:00,2025-06-19 00:00:00,2025-06-19 00:00:00,COM,2025-06-20 00:00:00,348,2025-06-20 00:00:00,2025-06-18 00:00:00,COM,VPR,1774-03-30 00:00:00,,,2025-07-05 00:00:00,355,COM,,,,,,,,,,,350,342,-8,30,COM,,
,,,,,,G5K9181661TCXKETCHUP RED,484,528,2025-06-06 00:00:00,-116,2025-06-12 00:00:00,66,83,2025-06-26 00:00:00,2025-07-07 00:00:00,2025-07-01 00:00:00,COM,SHK,2025-06-19 00:00:00,2025-07-03 00:00:00,2025-07-02 00:00:00,COM,2025-07-07 00:00:00,528,2025-07-07 00:00:00,2025-07-10 00:00:00,COM,VPR,-84,2025-07-08 00:00:00,2025-07-15 00:00:00,2025-07-09 00:00:00,528,COM,,,,,,,,,,,528,,-528,,,,
,,,,,,G011- WHITE-,608,661,2025-06-06 00:00:00,-116,2025-06-12 00:00:00,82,82,PROJECTION -608,2025-06-18 00:00:00,2025-06-14 00:00:00,COM,SHK,2025-06-19 00:00:00,2025-06-20 00:00:00,2025-06-21 00:00:00,COM,2025-06-23 00:00:00,686,2025-06-23 00:00:00,2025-06-25 00:00:00,COM,VPR,1774-03-30 00:00:00,,,2025-07-03 00:00:00,686,COM,,,,,,,,,,,661,673,12,65,COM,,
40,270,UNIT-1,,J6RK11,"KAD74
50%ORG COTTON 50% REG COTTON F/TERRY-340 GSM",G011,1067,1143,2025-06-06 00:00:00,-116,2025-06-18 00:00:00,388/16/3,388/16/3,2025-06-24 00:00:00,2025-07-05 00:00:00,2025-06-28 00:00:00,COM,SHK,2025-06-30 00:00:00,2025-07-04 00:00:00,2025-07-05 00:00:00,COM,2025-07-08 00:00:00,1128,2025-07-08 00:00:00,2025-07-10 00:00:00,COM,ESSTEE,-77,2025-07-15 00:00:00,,,,,,,,,,,,,,,1143,,-1143,,,,
,,,,,,G7HR 19-4111 TCX SECRET BLUE,565,615,2025-06-06 00:00:00,-116,2025-06-18 00:00:00,209/8/2,209/8,2025-06-28 00:00:00,2025-07-05 00:00:00,2025-07-02 00:00:00,COM,SHK,2025-06-30 00:00:00,2025-07-07 00:00:00,2025-07-10 00:00:00,COM,2025-07-15 00:00:00,627,2025-07-15 00:00:00,2025-07-15 00:00:00,COM,ESSTEE,-71,2025-07-21 00:00:00,,,,,,,,,,,,,,,615,,-615,,,,
41,272,UNIT-2,,J6RQ05,"KAD74
50%ORG COTTON 50% REG COTTON F/TERRY-340 GSM",G011,2253,2388,2025-06-06 00:00:00,-116,2025-06-17 00:00:00,1288/7,1288/7,2025-06-24 00:00:00,2025-07-05 00:00:00,2025-06-28 00:00:00,COM,SS JUMPING SIZE,2025-06-30 00:00:00,2025-07-04 00:00:00,2025-07-05 00:00:00,COM,2025-07-07 00:00:00,2375,2025-07-08 00:00:00,2025-07-08 00:00:00,COM,INHOUSE,1774-03-30 00:00:00,,,,,,,,,,,,,,,,2388,,-2388,,,,
,,,,,,G7HR 19-4111 TCX SECRET BLUE,932,1001,2025-06-06 00:00:00,-116,2025-06-17 00:00:00,541/3,541,2025-06-28 00:00:00,2025-07-05 00:00:00,2025-07-03 00:00:00,COM,SHK,2025-06-30 00:00:00,2025-07-07 00:00:00,2025-07-10 00:00:00,COM,2025-07-15 00:00:00,1007,2025-07-15 00:00:00,2025-07-15 00:00:00,COM,INHOUSE,1774-03-30 00:00:00,,,,,,,,,,,,,,,,1001,,-1001,,,,
`,255,UNIT-2,,J6RI28,"K6YW4
50%ORGANIC COTTON 
45% REGULAR COTTON 
5% ELASTANE L/JERSY
160 GSM ",G011 WHITE,4428,4674,2025-06-06 00:00:00,-116,2025-06-13 00:00:00,577,578,2025-06-24 00:00:00,2025-06-30 00:00:00,2025-07-01 00:00:00,COM,SHK,2025-07-01 00:00:00,2025-08-07 00:00:00,2025-07-07 00:00:00,COM,2025-07-15 00:00:00,4722,2025-07-19 00:00:00,2025-07-20 00:00:00,COM,VPR,-67,2025-07-25 00:00:00,2025-08-15 00:00:00,,,,,,,,,,,,,,4674,,-4674,,,,
,,,,,,G7HR,4577,4826,2025-06-06 00:00:00,-116,2025-06-13 00:00:00,597,597,2025-06-25 00:00:00,2025-06-30 00:00:00,2025-07-01 00:00:00,COM,SHK,2025-07-01 00:00:00,2025-07-02 00:00:00,2025-07-02 00:00:00,COM,2025-07-07 00:00:00,4812,2025-08-07 00:00:00,2025-07-08 00:00:00,COM,VPR,23,2025-07-14 00:00:00,2025-08-04 00:00:00,2025-08-05 00:00:00,4812,COM,,,,,,,,,,,4826,,-4826,,,,
43,311,UNIT-2,,A6RG13,"KA6R4
50%ORGANIC COTTON 
50% REGULAR COTTON 
FRECH TERRY 290 GSM ",LIGHT BLUE SKY A732 15-4031 TCX,2226,2383,2025-06-06 00:00:00,-116,2025-06-16 00:00:00,506/211/7,506/211/7,2025-06-30 00:00:00,2025-07-14 00:00:00,2025-07-07 00:00:00,COM,SS JUMPING SIZE,2025-07-10 00:00:00,2025-07-11 00:00:00,2025-07-12 00:00:00,COM,2025-07-17 00:00:00,2371,2025-07-18 00:00:00,2025-07-20 00:00:00,COM,FRESH,-64,2025-07-28 00:00:00,2025-08-08 00:00:00,,,,,,,,,,,,,,2383,F,#VALUE!,,,,
44,312,UNIT-2,,I6RG13,"KC484
50%ORGANIC COTTON
50%REGULAR COTTON
JAQUARD JERSEY
205 GSM","G76S
LIGHT BLUE LUXE
16-3922 TCX
",508,570,2025-06-06 00:00:00,-116,2025-06-16 00:00:00,66/59/4,66,PANT -JUNE-25,2025-07-15 00:00:00,2025-07-07 00:00:00,"PANT RECEIVED, TOP RECEIVD JULY-8",SS JUMPING SIZE,2025-07-10 00:00:00,2025-07-16 00:00:00,2025-07-17 00:00:00,COM,2025-07-21 00:00:00,581,2025-07-22 00:00:00,2025-07-25 00:00:00,COM,ESSTEE,-60,2025-08-01 00:00:00,2025-08-10 00:00:00,,,,,,,,,,,,,,570,,-570,,,,
45,249,UNIT-2,,J6RI24,"K6YW4
50%ORGANIC COTTON 
45% REGULAR COTTON 
5% ELASTANE L/JERSY
160 GSM ","G7GM
16-4031 TCX SILKTIE BLUE",2002,2122,2025-06-06 00:00:00,-116,2025-06-13 00:00:00,251,251,2025-06-20 00:00:00,2025-07-03 00:00:00,2025-06-23 00:00:00,COM,SHK,2025-06-17 00:00:00,2025-06-24 00:00:00,2025-06-25 00:00:00,COM,2025-06-26 00:00:00,1950,2025-06-28 00:00:00,2025-06-28 00:00:00,COM,ANKAL,5,2025-07-18 00:00:00,2025-07-19 00:00:00,2025-07-21 00:00:00,1950,COM,,,,,,,,,,,2122,,-2122,,,,
,,,,,,G011,1438,1532,2025-06-06 00:00:00,-116,2025-06-13 00:00:00,182,182,PROJECTION -608,2025-06-18 00:00:00,2025-06-14 00:00:00,COM,SHK,2025-06-17 00:00:00,2025-06-20 00:00:00,2025-06-18 00:00:00,COM,2025-06-21 00:00:00,1580,2025-06-20 00:00:00,2025-06-21 00:00:00,COM,FRESH,22,2025-07-01 00:00:00,2025-07-09 00:00:00,2025-07-13 00:00:00,1580,COM,embro crew,2025-07-15 00:00:00,,,,,,,,,1532,,-1532,,,,
,,,,,,F0E1,4417,4660,2025-06-06 00:00:00,-116,2025-06-13 00:00:00,552,552,,2025-07-03 00:00:00,2025-07-01 00:00:00,COM,SHK,2025-06-17 00:00:00,2025-07-02 00:00:00,2025-07-02 00:00:00,COM,2025-07-12 00:00:00,4574,2025-07-17 00:00:00,2025-07-08 00:00:00,COM,ESSTEE,13,2025-07-22 00:00:00,2025-08-02 00:00:00,2025-08-01 00:00:00,4574,COM,VPR,2025-08-01 00:00:00,,,,,,,,,4660,,-4660,,,,
,,,,,,G7HR-19-4111 TCX SECRET BLUE,2395,2539,2025-06-06 00:00:00,-116,2025-06-13 00:00:00,300,300,2025-06-25 00:00:00,2025-07-03 00:00:00,2025-06-30 00:00:00,COM,SHK,2025-06-17 00:00:00,2025-07-02 00:00:00,2025-07-02 00:00:00,COM,2025-07-07 00:00:00,2542,2025-07-08 00:00:00,2025-08-07 00:00:00,COM,FRESH,12,2025-07-04 00:00:00,2025-07-08 00:00:00,2025-08-15 00:00:00,2542,COM,VPR,2025-07-22 00:00:00,2025-07-30 00:00:00,2542,COM,BALAJI,2025-07-29 00:00:00,,,,2539,,-2539,,,,
